State,Year,.Under 5 years,.5 to 9 years,.10 to 14 years,.15 to 19 years,.20 to 24 years,.25 to 29 years,.30 to 34 years,.35 to 39 years,.40 to 44 years,.45 to 49 years,.50 to 54 years,.55 to 59 years,.60 to 64 years,.65 to 69 years,.70 to 74 years,.75 to 79 years,.80 to 84 years,.85 years and over,MALE,FEMALE
Alabama,2000,295185,313178,321372,325612,309170,298679,301179,338693,345820,316816,287948,226761,190880,167835,148805,118478,78201,67561,2149338,2302835
Alabama,2001,296624,307526,323615,321866,318741,286763,302186,330870,347133,323347,300108,231202,193822,169261,149001,118750,79883,66936,2158138,2309496
Alabama,2002,296046,302632,325008,320749,322812,281003,302668,321114,345023,330998,298908,248643,198880,170495,147964,119599,81123,66424,2165719,2314370
Alabama,2003,295204,299148,326642,321655,326983,280387,302722,312160,343191,337237,302120,258551,207119,173635,147332,120741,83097,65567,2179422,2324069
Alabama,2004,295970,297554,326228,325095,326749,283864,299896,305558,342253,340768,307605,270380,214983,176683,147028,120322,84290,65503,2192872,2337857
Alabama,2005,296441,298450,323028,330753,326727,290568,295263,303456,339299,344392,314839,284084,220403,179942,149085,120923,84762,67390,2213382,2356423
Alabama,2006,297222,303581,321867,337003,326239,302813,288248,308663,334043,348601,323309,297745,226567,184594,151454,122066,85688,69278,2243501,2385480
Alabama,2007,300300,306013,320407,341279,327293,307619,286033,312470,326486,348251,332544,298032,244043,189797,152814,121729,86812,70918,2265565,2407275
Alabama,2008,304842,306682,319503,345580,328751,311504,287272,313869,318765,348148,340006,301833,254507,198122,156112,121862,88254,72594,2287949,2430257
Alabama,2009,305412,307864,319072,346611,332117,312199,293352,312797,313852,348256,344478,307017,265870,205667,159088,121679,88283,74324,2309779,2448159
Alabama,2010,304840,308125,319314,341504,336601,311929,300120,306442,310756,345049,348347,313686,278763,210742,161514,122639,88754,76173,2323317,2461981
Alaska,2000,47528,53439,56861,50226,40231,42571,46337,55520,58471,53812,41834,27607,17420,12753,9982,6944,3761,2666,324750,303213
Alaska,2001,47176,51312,57077,52378,42602,41148,46006,52983,58021,55123,44830,28949,18694,13037,10301,7212,4026,2839,328135,305579
Alaska,2002,47437,49946,57449,53653,45284,41155,45497,50767,57009,56694,46150,32190,20238,13659,10456,7443,4325,2985,332704,309633
Alaska,2003,47610,48745,56932,54076,47733,41414,44958,48476,55925,57305,48563,34181,22087,14287,10744,7573,4641,3164,335380,313034
Alaska,2004,48257,48026,56422,54612,50900,42769,44478,47010,55607,57556,50513,37026,23962,14904,11045,7935,4946,3318,341479,317807
Alaska,2005,48929,47441,54644,54764,53117,44419,43739,46466,54129,57484,52362,39951,25556,15605,11220,8370,5137,3613,346026,320920
Alaska,2006,49441,48063,53244,55120,54081,46419,43369,46633,52049,57566,53964,42996,26757,16669,11321,8526,5214,3870,350181,325121
Alaska,2007,50219,48030,51675,54721,54082,48712,43446,46472,49982,56561,55115,44050,29629,18006,11697,8515,5383,4005,353162,327138
Alaska,2008,51119,48232,50783,53905,54291,51241,44137,46213,48082,55716,55447,46586,31381,19549,12249,8726,5513,4285,358043,329412
Alaska,2009,53122,50070,50847,53319,52242,52695,45643,45566,47119,55898,56420,48807,34268,21053,12706,8858,5754,4508,361893,337002
Alaska,2010,54207,51198,51056,52098,54779,55853,48294,45808,47398,54808,56587,50339,36327,22371,13227,8880,5990,4765,371632,342353
Arizona,2000,384100,389520,381738,370484,367199,373244,369534,392930,378698,335059,300140,241181,205427,189473,175520,145023,92262,69054,2576007,2584579
Arizona,2001,394064,388279,392683,371612,388395,371096,377471,389659,388232,346161,318243,251367,212982,191895,177017,146970,96357,70994,2631801,2641676
Arizona,2002,405018,388857,402889,378885,401696,376202,385105,384764,397313,358936,323517,273288,223663,196606,178713,147829,100369,72605,2692038,2704217
Arizona,2003,416609,389350,411193,389173,407205,383859,387476,381549,401649,371404,331827,288991,238395,202879,180432,149940,102729,75704,2746287,2764077
Arizona,2004,430031,393245,418167,402508,411699,398820,389610,382433,409227,382225,344145,306685,252985,212176,182719,151003,106529,78197,2816798,2835606
Arizona,2005,447107,401892,425230,419514,415766,418966,392959,393196,414897,397557,358467,328711,268283,222232,186584,154910,110622,82184,2908266,2930811
Arizona,2006,459747,417038,433201,435349,421518,441876,396538,408786,417023,411281,373257,350991,282272,232855,191110,156984,112528,86787,3003007,3026134
Arizona,2007,469680,427998,439161,448264,428652,450343,400894,418635,412888,420635,387167,356562,303835,243729,195856,158624,113548,91210,3070683,3096998
Arizona,2008,473811,440171,442701,458137,435282,452605,406053,422417,409294,424958,400520,361835,320414,259777,202209,159753,115594,94831,3125084,3155278
Arizona,2009,463418,446994,445967,461505,438897,447102,412192,420284,405504,428173,407844,369424,335404,273341,209841,161072,116341,99851,3153246,3189908
Arizona,2010,456273,455584,450023,460735,444760,441304,419553,414490,407632,426523,417411,377915,354930,285123,216521,162245,118453,104262,3187204,3226533
Arkansas,2000,181386,186221,193693,199484,183343,175347,175928,199608,198318,183057,169431,140326,117942,104943,93071,76694,53063,46733,1307573,1371015
Arkansas,2001,182026,184198,194805,195850,190858,171515,176768,194910,200122,186969,176263,142212,120516,105975,92273,76299,53545,46467,1314726,1376845
Arkansas,2002,182710,182837,195632,194395,195427,170896,177053,189601,199600,191230,174804,151659,124812,106576,91686,76630,54113,46266,1322688,1383239
Arkansas,2003,184087,182549,195631,194660,197774,173343,176867,184163,200590,194293,176533,156775,129820,108656,91785,76545,54473,46272,1333293,1391523
Arkansas,2004,186610,183762,195097,195713,197763,178555,176072,180140,202106,196117,179963,163147,134511,110490,92265,76183,54778,46414,1346638,1403048
Arkansas,2005,189757,186100,193817,198087,196465,185695,174746,179169,201403,199102,184010,169933,138138,112765,93488,76153,55141,47128,1362802,1418295
Arkansas,2006,192709,189078,193810,201049,195078,193194,172938,182705,198667,202213,189076,177584,141109,116682,95443,76198,55823,48405,1383333,1438428
Arkansas,2007,194941,191244,193806,203006,195065,195502,172858,184379,194423,202539,194147,177053,150870,121028,96253,76233,56093,49210,1397292,1451358
Arkansas,2008,197153,192784,194526,204132,195965,195672,175268,185513,188901,204422,197340,178827,156485,126402,98250,76674,56188,50052,1410334,1464220
Arkansas,2009,197987,195101,195945,203468,197338,194511,179622,185081,184069,206174,199315,181568,162081,130962,99852,76838,56303,50628,1421830,1475013
Arkansas,2010,197708,197083,197644,202916,200466,192877,185237,182598,182654,204927,202298,185021,168701,134176,101699,77623,56239,51739,1434726,1486880
California,2000,2490848,2717425,2587669,2459982,2402521,2538599,2691610,2812409,2681664,2345152,2021350,1477507,1152792,984993,905056,782675,507401,428324,16937562,17050415
California,2001,2489298,2671134,2668867,2484581,2500519,2511761,2722640,2786905,2729412,2411423,2122855,1540553,1187864,993690,904187,785430,531112,437227,17185235,17294223
California,2002,2492281,2607616,2739123,2515883,2567429,2503790,2721499,2744578,2755721,2484389,2137942,1676464,1233023,1008072,899390,783379,554814,446450,17373381,17498462
California,2003,2517741,2548508,2781873,2559499,2605156,2514926,2696223,2710998,2774875,2546721,2188695,1763722,1298841,1033339,896323,781302,573411,461006,17543650,17709509
California,2004,2541765,2486084,2799010,2616866,2636763,2552577,2648724,2681027,2793165,2584689,2244577,1854291,1351654,1057084,893251,771676,590328,471045,17703161,17871415
California,2005,2555615,2426913,2775085,2683940,2648417,2598001,2572421,2682400,2766179,2630116,2296710,1952482,1400411,1078678,893815,772166,601355,493239,17831713,17996230
California,2006,2539421,2408374,2734680,2743849,2645442,2657935,2512058,2689290,2719455,2658317,2351923,2037929,1449951,1099377,893496,765946,600752,513007,17923731,18097471
California,2007,2545743,2398296,2681413,2793601,2658718,2692305,2488229,2674758,2664103,2671568,2415918,2043625,1574798,1140443,905608,762259,601524,537402,18035385,18214926
California,2008,2561061,2423440,2640937,2823230,2685532,2729493,2497578,2650671,2628234,2683057,2475459,2094639,1654246,1204606,928138,761030,602079,560907,18207365,18396972
California,2009,2544721,2465467,2606631,2834241,2725786,2744863,2534696,2614976,2599362,2702241,2518202,2156126,1749424,1261765,954464,763593,599827,584844,18378154,18583075
California,2010,2532142,2514416,2597792,2819014,2776676,2745869,2584202,2567473,2614454,2687313,2572712,2216679,1850931,1312332,977105,767471,605612,607170,18568878,18780485
Colorado,2000,298913,308509,314366,309455,309098,331110,333782,366372,373185,338081,283128,196749,145887,121465,105474,86456,56273,48618,2179179,2147742
Colorado,2001,309229,308219,320321,319058,323532,328262,346383,359051,378924,346844,302429,206124,151870,123072,106470,87364,59001,49534,2229982,2195705
Colorado,2002,316179,305736,323786,323712,332961,325998,352813,348863,379240,355435,306326,228179,159381,124664,107287,87670,61754,50422,2261741,2228665
Colorado,2003,322342,302711,325590,325785,334835,322088,350748,338697,376122,360576,315348,243088,170587,128115,107937,88470,63630,52063,2275518,2253214
Colorado,2004,325986,301885,324457,326646,338785,326122,347503,335046,373107,363311,324142,258091,179869,133022,108124,89018,65952,53947,2300502,2274511
Colorado,2005,330857,304874,322722,331051,339556,327804,339536,338678,366668,369394,333224,276139,189801,137891,109886,90239,67266,56302,2323650,2308238
Colorado,2006,334470,313990,322968,334123,343668,338467,334947,348239,358798,374525,342438,295417,199307,145142,112778,92634,69116,59396,2367463,2352960
Colorado,2007,339842,322967,323327,337309,341920,349048,335759,355948,350466,376497,352394,300917,222515,153405,115291,93946,69962,62355,2407435,2396433
Colorado,2008,342857,333114,324735,340380,343707,360077,340567,359009,344601,376847,360056,311073,238572,164500,118969,94493,71275,64898,2450670,2439060
Colorado,2009,343728,342826,329032,341224,345713,367384,347863,357441,342953,376321,366113,321695,255522,174777,124168,95317,72172,67946,2491485,2480710
Colorado,2010,344530,350072,333784,338989,350452,374120,356828,352471,346969,371316,372901,331022,272470,184171,128514,96934,73302,70226,2531054,2518017
Connecticut,2000,223181,243110,242756,217105,188617,200230,250194,289835,290915,254260,230442,178114,132266,117244,113864,101283,73756,64605,1652459,1759318
Connecticut,2001,220088,240158,248552,225932,189619,191917,245375,284856,295329,262459,237960,184458,135156,115464,113083,100597,75652,66180,1663876,1768959
Connecticut,2002,217269,238119,252593,232848,193805,190223,241267,277934,296765,270509,234718,199907,141107,114970,111006,99954,77377,68378,1678249,1780500
Connecticut,2003,216866,234623,255025,237584,199807,191110,234457,272111,295708,278447,237481,205114,151753,116564,108662,99921,78161,70942,1690868,1793468
Connecticut,2004,214447,232092,254589,242118,204471,192328,225636,263204,295746,283749,242798,211572,158717,118352,106082,98592,79235,72366,1698016,1798078
Connecticut,2005,211315,228703,250704,248504,210846,193585,215637,258112,292554,288872,249490,219671,163544,119503,104199,97292,79731,74694,1704888,1802068
Connecticut,2006,208812,226250,248202,251840,215159,195543,207734,253158,287782,292896,257563,226873,169373,121626,102369,96247,78986,77047,1709785,1807675
Connecticut,2007,207326,223656,246009,253564,218128,198786,203854,247350,280423,293852,265268,223556,183958,127540,101848,94384,78681,79087,1715653,1811617
Connecticut,2008,205536,223384,243282,254565,220127,206261,202930,239823,274541,292469,273577,227680,188810,137635,102945,92130,78571,81313,1724830,1820749
Connecticut,2009,203201,222900,241669,253688,224524,210390,204925,230386,266135,293027,279713,234384,196400,144712,104495,89981,77982,83295,1733028,1828779
Connecticut,2010,201838,222734,240151,249748,228509,214520,207420,220994,261818,290092,284848,241360,205204,150211,105980,88959,77354,85333,1741464,1835609
Delaware,2000,51542,55591,55614,55902,52218,50942,57599,64519,63195,55201,49852,39629,32400,29989,26536,21359,13661,10624,381926,404447
Delaware,2001,51699,54575,56900,56620,54774,48938,57067,63708,64177,56935,52628,40761,33481,29911,26905,21470,14285,10865,386350,409349
Delaware,2002,52372,53432,57967,57541,56313,48904,56087,62614,64804,59229,52264,44388,35192,29933,27197,21777,14826,11329,391517,414652
Delaware,2003,53020,52567,58781,58512,57369,50671,54827,61381,65114,61309,53232,46832,37334,30607,27483,22029,15154,11781,397201,420802
Delaware,2004,53893,52309,59034,59679,57528,53304,53668,59968,65623,63228,54593,49067,39502,31746,27529,22160,15744,12228,403483,427320
Delaware,2005,54816,52455,58728,61483,58256,55434,52154,59579,65596,64735,56708,51694,41433,32631,28044,22435,16115,12854,409923,435227
Delaware,2006,55214,53078,58289,62875,59032,57138,50735,59479,65164,66035,58677,54679,43045,34437,28343,23206,16536,13306,416502,442766
Delaware,2007,55997,54150,57424,64208,60273,57870,50353,58894,64222,66829,61097,54582,46645,36546,28401,23510,16764,13984,422351,449398
Delaware,2008,56387,55129,57026,65226,60935,57778,51602,58056,62921,67105,63216,55460,49317,38796,29378,23800,17146,14596,428393,455481
Delaware,2009,56359,55984,56871,65095,61696,57670,53021,56687,61260,67718,64964,56540,51114,40705,30055,23620,17176,15195,431935,459795
Delaware,2010,55958,56615,56914,64353,63189,57849,54304,55079,60811,67327,66097,58083,53604,42016,30748,23809,17170,15843,435972,463797
District of Columbia,2000,32321,34997,30137,37829,52303,52579,48832,45754,41785,39542,36283,27909,22011,18439,17328,14992,10047,8958,269403,302643
District of Columbia,2001,32396,33830,31528,37576,51863,52189,50231,45854,41977,39238,37887,28521,22569,18116,16828,14778,10254,8869,270764,303740
District of Columbia,2002,32340,32237,32419,37837,50795,51782,50849,44983,41504,39402,37434,30175,23387,17988,16188,14565,10434,8839,270012,303146
District of Columbia,2003,31553,30040,33225,37582,50398,51863,50671,43577,41133,38801,37206,31104,23977,18068,15833,14088,10642,8741,267895,300607
District of Columbia,2004,31843,27748,33268,37805,51436,52960,50295,42396,40852,38353,37210,31931,24803,18170,15399,13776,10694,8815,267470,300284
District of Columbia,2005,32051,26004,31544,38560,53327,54019,48752,42904,39944,38304,36876,33252,24997,18508,15034,13359,10626,9075,267523,299613
District of Columbia,2006,31357,25968,30048,39473,55644,56351,48803,43247,39469,38310,36200,34626,25219,18803,14796,12766,10427,9174,269359,301322
District of Columbia,2007,31858,25107,28552,39934,57203,59129,48747,43535,38720,37883,36606,34041,26857,19548,14704,12188,10313,9479,271455,302949
District of Columbia,2008,32724,24698,26935,40510,59153,61925,50168,42923,37883,38290,36618,33949,27675,20174,14970,11954,9932,9755,273971,306265
District of Columbia,2009,32707,26105,25724,40713,61793,65193,53032,43847,37021,38956,36587,34246,28504,21139,15031,11806,9785,10039,280400,311828
District of Columbia,2010,32804,26294,25181,39902,64476,70021,55708,42884,37859,38450,37302,34464,30047,21593,15522,11813,9707,10426,285626,318827
Florida,2000,946495,1028130,1064761,1019203,937986,991304,1090756,1260735,1231365,1094898,997424,829302,743001,726588,724797,618115,410269,332386,7830201,8217314
Florida,2001,967989,1018469,1094246,1040770,994750,971119,1100658,1251686,1268344,1134584,1052477,861880,766195,729638,726158,619176,423584,335243,7984190,8372776
Florida,2002,990798,1013607,1119215,1066682,1040572,972896,1112664,1236573,1295548,1183444,1065035,937274,796937,738794,721741,622323,436243,339024,8147636,8541734
Florida,2003,1011435,1009113,1135653,1095938,1081883,987982,1115300,1215649,1317985,1227078,1091765,981822,843248,754875,717131,627056,444071,346101,8306512,8697573
Florida,2004,1040169,1013054,1149995,1135477,1125385,1024559,1117654,1202373,1349142,1270404,1131018,1036034,887744,781726,711221,630121,456021,353221,8512871,8902447
Florida,2005,1069937,1024540,1152946,1179088,1156066,1073268,1111695,1209128,1365504,1317206,1177956,1096358,927259,807082,712536,632890,464133,364446,8724088,9117950
Florida,2006,1081196,1047894,1151818,1214669,1180227,1127022,1094633,1223911,1359055,1357641,1216282,1150141,958167,824321,710856,629155,463236,376766,8886910,9280080
Florida,2007,1086240,1057391,1143390,1233492,1198551,1155866,1081460,1226154,1331439,1375257,1253629,1151092,1020705,851830,718618,624093,468010,390625,8989255,9378587
Florida,2008,1085579,1065778,1134890,1241381,1207898,1170676,1079825,1216183,1297425,1388103,1286729,1159372,1058462,898069,734873,621616,475065,405381,9062026,9465279
Florida,2009,1078822,1068926,1128143,1237756,1214648,1178740,1089985,1197558,1262559,1400748,1314445,1179080,1095519,935003,754685,614666,479274,422087,9118355,9534289
Florida,2010,1073454,1081838,1131401,1223565,1233827,1181611,1117094,1173425,1253320,1398314,1344904,1209506,1147127,965498,772619,615333,482964,437526,9212000,9631326
Georgia,2000,596305,613973,612795,599902,598420,639613,659328,698934,659009,578523,514384,379438,288239,237059,199564,158440,105107,88270,4047070,4180233
Georgia,2001,614743,611462,629644,604420,621311,623999,671863,697787,674368,594742,540628,393182,298870,242569,200541,159789,108659,88461,4120876,4256162
Georgia,2002,629479,609905,643694,610814,633422,613550,679291,691745,684050,615253,542004,429690,312985,247116,202773,161109,111766,89610,4180322,4327934
Georgia,2003,642305,608123,655115,620715,635799,608312,679458,682795,692293,632620,550260,453041,334301,254270,205370,162921,114338,90757,4227841,4394952
Georgia,2004,655618,610599,659778,637028,650185,619009,675927,676690,703367,646664,562196,478477,351031,262463,207114,164113,116572,92421,4305728,4463524
Georgia,2005,669707,621400,662146,657340,641144,629572,663600,681187,711433,664994,578781,508314,367749,273318,213319,167047,118359,96512,4370659,4555263
Georgia,2006,678855,644011,669318,677408,652056,657774,654603,700324,714965,682560,598116,536414,383636,289474,222213,171109,121869,101108,4485207,4670606
Georgia,2007,693997,663877,676052,695123,656110,671612,648845,713643,713337,696382,622536,540663,422824,304513,227820,174541,123651,104462,4572416,4777572
Georgia,2008,700331,677476,678453,707536,664222,681298,649244,719274,708783,707031,641590,549947,447320,326491,235231,176787,125789,108040,4647859,4856984
Georgia,2009,692752,688417,683822,712243,676252,683221,654958,711582,700291,718047,656120,562443,474041,344118,243988,179229,127921,111401,4703090,4917756
Georgia,2010,687875,696313,690228,707249,683585,676316,667074,695136,699907,721259,671224,577437,501697,358555,252029,182816,129191,114696,4742276,4970311
Hawaii,2000,78087,84497,83278,81028,84531,83391,87066,95554,95410,90632,81366,60944,46620,42820,42440,35501,22611,17743,610025,603494
Hawaii,2001,77624,82564,84878,81642,88395,81567,86993,93624,95087,92368,84994,64623,48203,42665,42175,36250,23555,18741,616759,609189
Hawaii,2002,78444,80570,85911,81762,91543,81985,86924,90941,94964,93689,87277,69772,50378,42770,41556,36851,24684,19592,623421,616192
Hawaii,2003,79522,78766,86609,82422,93818,82256,85224,88323,94684,94638,89142,74707,53072,43518,40934,37133,25809,20577,627401,623753
Hawaii,2004,81943,77604,88085,83420,95485,84549,84611,87117,95309,95879,92359,79165,57576,44594,40201,37166,26917,21589,636705,636864
Hawaii,2005,83131,76612,86988,84394,97507,89461,83547,87674,94531,96587,93393,83406,61262,46225,39841,36919,28298,22953,647916,644813
Hawaii,2006,84376,76190,85712,86486,98038,93138,82917,88861,93395,96670,95208,87025,64908,47707,39473,36572,28913,24142,657380,652351
Hawaii,2007,86092,76473,84203,86731,94550,93805,81701,88356,91708,96616,96530,89192,70144,49759,39169,35876,29369,25401,658490,657185
Hawaii,2008,87854,77674,82836,86803,94464,96871,83398,88096,90431,96427,97395,90399,75104,52540,39838,35513,29678,26892,666900,665313
Hawaii,2009,87877,81222,81754,86740,94145,97489,85750,87957,88896,96076,97353,92530,78549,56486,40580,34962,29842,28509,673642,673075
Hawaii,2010,87180,83269,81629,85649,95834,96929,88280,86374,89757,95595,98262,93653,83116,59670,41757,35048,30716,30903,682892,680729
Idaho,2000,97916,100671,105354,111578,94698,84670,84512,94757,98523,92930,78986,60535,47842,40184,35863,30577,21647,18187,651446,647984
Idaho,2001,99882,100523,106539,112006,98407,83480,86420,92645,99609,95053,83858,62735,49957,41280,36039,30535,22427,18567,661919,658043
Idaho,2002,101754,100876,107847,111048,101176,84996,87440,90400,99629,97189,85711,68178,52303,42506,36481,30737,23082,19019,671686,668686
Idaho,2003,104308,101115,108782,110272,105120,86757,88655,88609,99740,98546,88476,72015,55895,44108,36694,31167,23355,19766,683503,679877
Idaho,2004,107239,102760,109000,110861,107204,90505,89633,88809,99971,99430,91946,76265,59118,46256,37245,31424,23924,20212,698616,693186
Idaho,2005,111036,106074,109718,112402,108543,94216,91047,90335,99181,101642,95684,81601,62630,48463,38311,31927,24359,21072,716258,711983
Idaho,2006,114699,109864,110946,113920,109168,99649,91630,93824,98164,103951,98891,87352,65865,51523,39955,32437,24730,22101,736565,732104
Idaho,2007,118768,113374,112826,115488,108915,103453,94913,95972,96942,104831,101632,89862,71768,54416,41242,32781,24910,23012,754978,750127
Idaho,2008,121572,117013,113774,116463,108852,107103,96907,97527,95229,105115,103339,92268,75980,58262,42952,32969,25311,23684,769528,764792
Idaho,2009,121829,119586,115442,115965,108429,107098,100627,97398,94547,104871,104027,95052,79845,61325,44808,33621,25398,24571,779041,775398
Idaho,2010,121761,121461,117168,114986,108693,107200,103142,96380,94946,103364,105230,97575,84106,63840,46343,34214,25614,25427,787407,784043
Illinois,2000,875385,924569,908672,897721,855309,886378,919791,992982,988790,877971,760140,581134,464665,396176,374113,317375,220139,192851,6088884,6345277
Illinois,2001,873939,911716,920321,897214,870940,864728,923737,969687,998028,894624,798852,592146,471511,394996,369777,316711,224395,195123,6118002,6370443
Illinois,2002,872761,895265,930923,895240,877701,855133,923515,944575,996885,914730,798777,633979,487129,395915,362437,315212,228489,196890,6137659,6387897
Illinois,2003,871830,878647,934873,895952,885309,851314,913055,921738,989314,932188,811359,655253,509631,403600,355695,314438,231567,200243,6153147,6402859
Illinois,2004,871631,862340,932571,905172,893225,855707,895938,901438,980971,944741,827820,683028,523872,412331,349297,310471,235573,203647,6175564,6414209
Illinois,2005,865706,849518,923414,914275,887761,866083,872576,894288,962577,956112,846124,720161,533991,416992,345362,309059,237858,208046,6186072,6423831
Illinois,2006,853782,847980,913671,921587,882932,885291,852538,896374,938217,964149,862914,756726,544441,422623,343777,305729,237652,213572,6203933,6440022
Illinois,2007,851327,849196,902390,928377,880284,896088,846449,895616,914035,963025,884179,757044,585472,438209,345528,300856,237865,219926,6228289,6467577
Illinois,2008,847663,851542,892352,931065,876545,910258,847213,886700,893262,956686,903901,773071,607263,459748,352243,295130,237298,225098,6253501,6493537
Illinois,2009,840275,857360,883928,928201,877648,914697,855772,871430,875346,951529,919619,792394,636573,475070,360531,290359,235236,230810,6276055,6520723
Illinois,2010,834769,859918,879247,917777,881523,911605,870596,850956,869599,936561,932662,811729,671494,487847,366063,289154,235413,236253,6299799,6543367
Indiana,2000,422866,441170,445214,455362,429055,405966,421950,476361,483617,439773,383665,296197,236858,203269,191514,160182,106803,92044,2988697,3103169
Indiana,2001,425239,437890,450526,453729,440515,393171,424721,463788,487812,448933,402731,300421,242189,203266,189760,160308,109414,93347,3007602,3120158
Indiana,2002,425714,433323,454818,450831,448045,387843,424161,451667,486210,458164,402883,323626,250725,203939,186640,160626,112543,94209,3022625,3133342
Indiana,2003,426699,431062,457625,452375,454110,389333,422930,439603,482626,467213,410453,334976,263296,208072,183968,161639,114736,95922,3044272,3152366
Indiana,2004,428845,430003,458100,456485,455140,393661,417066,428530,481650,471559,420133,351775,270823,213512,180958,160161,117390,97216,3064055,3168952
Indiana,2005,429617,432642,454815,463181,453312,402016,409729,424857,475312,477254,430584,370561,278475,217506,180098,159467,119499,99691,3087135,3191481
Indiana,2006,429937,437119,454143,469646,450986,412971,399289,429589,463686,482820,440819,390539,283688,223873,181071,158700,120473,103320,3114466,3218203
Indiana,2007,433395,440411,451522,475093,446582,420297,396024,431045,451997,482191,451976,391943,307215,232576,182378,156746,121405,106803,3138145,3241454
Indiana,2008,436073,442999,450850,478890,446225,423360,397788,429559,439878,479291,462442,400441,319378,245130,185480,154550,122555,109917,3160843,3263963
Indiana,2009,434729,444798,450900,478911,449181,422469,402710,423257,428116,478546,467854,410556,336550,252884,190610,152195,121941,113118,3177848,3281477
Indiana,2010,433559,444917,451987,473152,453360,420731,410767,414134,423542,472009,473819,420883,353981,260567,194114,151537,121624,115938,3193637,3296984
Iowa,2000,188156,201543,211121,227104,204722,175799,185813,216792,227535,213671,181708,139868,118855,106908,104340,91600,68084,65448,1437292,1491775
Iowa,2001,188108,198013,211274,227361,207116,169854,186612,208340,228482,216605,192217,141780,120471,106545,102834,91196,69129,66060,1439710,1492287
Iowa,2002,187454,194909,211748,223448,212809,167260,185993,200322,226710,219091,194524,152890,122646,106736,100635,90715,69947,66397,1442784,1491450
Iowa,2003,188722,192741,211419,221017,218193,167164,184337,192829,224153,221433,198816,159032,127419,107613,98752,90724,70258,67377,1448092,1493907
Iowa,2004,189405,192347,210069,220413,221553,168708,180717,188009,222216,222716,204249,167070,130741,109617,96768,90130,70756,68151,1454747,1498888
Iowa,2005,190406,192257,207260,219827,222032,171788,178902,185619,216699,224101,209576,176399,133529,110618,96346,88817,71155,69123,1461435,1503019
Iowa,2006,193311,193815,204516,220540,221840,177014,175007,186626,209189,225787,213439,187230,135795,112154,96495,87948,71253,70685,1471520,1511124
Iowa,2007,196553,195305,202111,220865,216397,185774,174859,185386,201867,224481,216520,190005,146906,114670,97301,86720,71424,72068,1481189,1518023
Iowa,2008,199252,197771,200663,220966,214273,191818,176850,183177,194490,222692,219888,194836,153268,119380,97936,85023,71614,72837,1491195,1525539
Iowa,2009,201268,199300,200576,219259,213377,196459,180582,178811,189453,220705,221532,200365,161057,122347,99851,83363,71029,73536,1500131,1532739
Iowa,2010,201825,200696,200901,215861,213957,198503,186182,175938,187351,215642,223595,205440,169787,125074,100723,83189,70156,75063,1510348,1539535
Kansas,2000,188781,194851,204968,210971,191190,171830,176022,206639,213334,193867,163119,122471,99110,89772,85671,75253,53783,52049,1331181,1362500
Kansas,2001,188589,192889,204021,213126,195149,166480,177007,198391,214009,198465,172443,125198,100792,89249,84664,74660,54986,52044,1336196,1365966
Kansas,2002,190497,190379,203075,212019,201799,164712,178102,189700,212385,203215,173713,135862,103693,88791,83382,74028,56156,52027,1341637,1371898
Kansas,2003,192184,189235,202543,210314,206499,163042,178068,181070,210436,206310,177954,142209,108502,89473,82025,74081,56518,52541,1345589,1377415
Kansas,2004,192750,189166,200231,209161,210364,164576,176147,175638,208227,207160,183650,149143,112414,90882,80878,73270,57584,53132,1351977,1382396
Kansas,2005,192997,189816,197574,209082,211859,165291,173232,174349,202696,208165,189633,157780,115840,91826,80301,72841,57781,54236,1357341,1387958
Kansas,2006,193207,191333,196898,207663,212607,172701,170436,175758,194812,208950,193700,166960,118498,93711,79965,72373,57740,55619,1368839,1394092
Kansas,2007,196241,195350,195701,207485,206987,180879,170408,176255,187085,208241,198668,168544,129429,96493,79909,71474,57576,57060,1378080,1405705
Kansas,2008,199486,198314,195555,206346,207304,188733,172155,176599,179723,206631,201782,172798,135325,100982,80550,70536,57493,57764,1392513,1415563
Kansas,2009,202767,200644,197613,205242,204481,194192,176764,174177,175183,205510,203177,178442,142409,104922,81958,69656,56881,58686,1404565,1428139
Kansas,2010,205461,202810,199123,203094,205221,198501,181388,171495,174424,201299,205119,183713,150130,108397,83023,69335,56943,59693,1418722,1440447
Kentucky,2000,265623,277905,280559,290057,284962,278770,286901,320703,321487,295867,265691,205915,168986,144387,129202,105010,68356,58640,1979305,2069716
Kentucky,2001,267051,274560,282920,285310,295534,268522,288426,313491,323852,300584,278427,209278,173020,145638,128712,104661,69475,58671,1991261,2076871
Kentucky,2002,268058,271537,285966,284083,299655,262975,289407,306192,323048,307095,277686,225926,179629,146696,127398,104644,71569,58311,2002652,2087223
Kentucky,2003,270138,270774,288530,283425,300426,262367,287976,298435,321802,314054,281916,235622,187971,150161,126706,104991,73306,58570,2014862,2102308
Kentucky,2004,271105,270177,287818,284360,302230,266871,285333,293116,322232,317466,286139,247717,192768,153922,126759,104236,74621,59231,2034050,2112051
Kentucky,2005,272662,271115,286751,288741,298829,273526,280989,289885,319475,320751,293231,260877,198043,157803,127738,105199,76281,60846,2053084,2129658
Kentucky,2006,273554,274947,285818,291818,290187,282467,272602,292945,314527,324805,299799,274714,202771,162739,129847,106045,76666,62988,2070143,2149096
Kentucky,2007,277446,277128,283057,295381,290952,288005,270066,294678,307953,324881,305760,274363,218956,169278,131176,105365,77480,64747,2092462,2164210
Kentucky,2008,281467,280030,283043,298442,286571,287967,270962,293111,300901,324724,313357,279013,229628,176939,134240,105001,77903,66579,2106346,2183532
Kentucky,2009,281897,281273,283632,297544,288397,288637,275654,289005,294397,324971,316746,283002,241381,182020,137694,105110,77759,67955,2123938,2193136
Kentucky,2010,282131,283026,284154,295390,290970,286336,283196,283513,291217,322471,320335,289764,253369,186836,140339,105244,78329,69646,2138655,2207611
Louisiana,2000,316350,334124,348959,366564,327788,293761,304326,341618,349404,317304,273221,209857,170890,147829,134864,107141,68999,58886,2164907,2306978
Louisiana,2001,316761,325487,346178,360696,341040,284976,302237,331691,349800,323567,287939,213980,174623,148083,133663,107742,71103,58309,2169812,2308063
Louisiana,2002,318825,318495,344486,356661,351069,284105,300674,321883,347575,331266,289887,230446,180351,148652,132763,108526,73494,58109,2181743,2315524
Louisiana,2003,320356,314111,345042,352068,358093,287659,297079,312469,345547,337580,295902,241293,188104,151457,131401,109255,75064,58562,2193889,2327153
Louisiana,2004,322285,311293,341716,350733,363077,298790,293053,305567,343836,341201,304112,253241,194085,154990,129479,109490,76380,58910,2213485,2338753
Louisiana,2005,323078,310508,336469,349258,360516,311895,287648,301269,337146,344385,312768,266874,199873,157997,129813,109569,76869,60693,2227187,2349441
Louisiana,2006,288282,288596,306045,326381,329137,300741,259521,281618,310162,328225,304278,268931,194988,155046,124472,103659,73879,58704,2098593,2204072
Louisiana,2007,299258,295668,305481,329415,333395,313172,262684,282805,303577,329081,313654,270966,211429,160615,125151,103649,74806,60775,2136456,2239125
Louisiana,2008,309766,298906,305089,331587,332518,323053,269714,280917,296066,329184,321251,277450,222222,167737,128055,103217,76169,62685,2165956,2269630
Louisiana,2009,313165,303467,304767,329869,336142,330375,283132,277930,290216,328422,325704,285992,233325,173942,131622,102399,76921,64258,2196449,2295199
Louisiana,2010,314643,306568,306841,325206,340005,334225,298067,275114,288143,324299,330589,294569,245799,179474,134285,102838,77367,66196,2225055,2319173
Maine,2000,70669,82669,92584,89792,70134,71206,85547,103733,109076,102527,91541,68919,54962,49998,46067,38198,25998,23452,621527,655545
Maine,2001,70419,80706,92720,91743,71677,68097,84770,100860,110384,104393,97195,71430,56132,50222,46001,38410,26684,23849,626035,659657
Maine,2002,70262,78792,92614,92860,74110,67460,83530,98264,110375,106861,97496,78254,58414,50294,46052,38793,27340,24189,631734,664226
Maine,2003,70618,77369,91740,93919,76668,67885,81736,95564,109810,109113,99290,82428,62133,51181,45468,39119,27935,24537,637833,668680
Maine,2004,70803,76805,90119,94105,78022,68695,79460,92448,109033,109928,101914,86898,65653,52165,44994,39277,28443,24926,641826,671862
Maine,2005,71027,75891,87574,94391,79811,69581,76121,90665,107191,110896,103684,91895,68680,52718,45140,39104,29025,25393,644683,674104
Maine,2006,70823,75533,85366,94177,80392,70538,73229,89742,104183,111597,105294,97310,70988,53867,45480,39453,29343,26304,647462,676157
Maine,2007,71266,75146,83154,93175,79870,72013,71615,88026,100747,111318,107663,97487,77556,55933,45656,39556,29851,27008,649243,677797
Maine,2008,71207,74959,80956,92327,80001,72758,71184,85698,97312,110517,109597,98961,81694,59398,46584,39115,30326,27915,651096,679413
Maine,2009,70190,74425,79945,90489,79971,72433,71749,83017,93350,109186,110188,101200,85777,62777,47252,38661,30565,28415,650896,678694
Maine,2010,69284,74000,78889,87793,79784,72879,72462,79216,91137,106862,110896,102779,90250,65260,47759,38726,30330,29261,649787,677780
Maryland,2000,353090,389235,394250,357207,317402,341001,405469,463650,452990,401986,359884,270584,202843,168390,153278,129075,83370,67330,2565003,2746031
Maryland,2001,354828,381871,404445,364932,330794,331689,401785,457097,461627,411187,377575,278863,209446,169881,152895,129369,87303,69104,2594827,2779864
Maryland,2002,357738,374319,412329,374739,340867,330959,397908,448823,465905,423267,376152,302815,219609,171733,151869,129597,90647,71113,2625192,2815197
Maryland,2003,362120,367103,415003,382271,351242,336656,389298,438681,467506,433562,380699,315867,233265,175386,150751,129649,93515,73695,2652422,2843847
Maryland,2004,365729,362768,413112,391663,358278,347459,376831,425376,470596,442911,386761,331716,243230,180475,148775,129268,96057,75930,2676892,2870043
Maryland,2005,366913,358818,406845,401942,365743,359630,364655,418367,467482,450675,395572,345383,251848,184227,148527,128468,97405,79879,2700618,2891761
Maryland,2006,365572,358243,398974,409378,371492,371645,354146,414217,458642,457583,402904,360392,257859,188572,148591,127536,97538,84083,2719404,2907963
Maryland,2007,365909,357932,390548,413201,377505,377424,348828,407302,447302,459445,413351,356694,279414,197614,149154,126067,98011,87707,2733299,2920109
Maryland,2008,366115,360071,382653,413496,380503,384464,351178,397531,436039,459719,422855,361613,290470,210752,152471,125355,98326,91354,2749177,2935788
Maryland,2009,365154,363160,380428,410142,386964,390207,359840,384911,423104,462717,433042,369657,306079,219601,157102,124190,98827,95263,2770387,2960001
Maryland,2010,364824,367265,379073,404482,395422,394673,371231,375716,418198,460507,442126,380315,321389,228214,160627,124475,98629,98816,2798368,2987614
Massachusetts,2000,397079,429119,433272,416959,407324,431516,492661,538597,523551,464657,415692,312133,237646,215817,211009,185194,131584,117294,3064859,3296245
Massachusetts,2001,395425,420696,441121,425772,416761,420872,486504,530191,530248,473772,434247,322304,242374,213650,207392,183877,134254,118174,3085067,3312567
Massachusetts,2002,392593,412366,444119,434511,421862,415083,475323,519060,531345,484600,429219,350766,251347,212118,202865,183610,136918,119501,3097770,3319436
Massachusetts,2003,388710,403279,443466,442891,428008,412829,458426,504500,529760,493214,433331,363125,267397,212395,198436,182251,137755,122792,3101748,3320817
Massachusetts,2004,383878,395380,438525,450717,428705,413687,439126,486516,527700,500324,439110,378338,279369,213805,193253,179252,139877,124719,3097647,3314634
Massachusetts,2005,377549,388264,429288,459816,432774,414426,417592,475568,521079,506191,447608,394370,288750,214484,190173,176944,140388,128026,3094280,3309010
Massachusetts,2006,371784,385676,420942,465986,442959,416486,401913,466382,511005,511381,455794,411603,296941,218254,187316,173645,140329,131688,3098899,3311185
Massachusetts,2007,369009,384671,414745,468978,451254,419757,394990,455329,499666,513270,467531,407031,325145,226873,186159,170355,141056,135740,3109906,3321653
Massachusetts,2008,368289,384968,409756,469548,458792,428870,394280,442995,488473,514728,478565,414285,338244,242829,187230,167004,140799,139312,3128237,3340730
Massachusetts,2009,367582,385866,407451,467237,469770,436469,400058,429955,474958,517144,489554,423739,356144,255514,190357,163438,139206,143171,3151754,3365859
Massachusetts,2010,366759,386146,405668,461016,476982,442670,406300,415647,468882,513608,498192,435301,374187,266207,192934,162253,138440,146062,3171892,3385362
Michigan,2000,671452,741365,749920,722243,648007,649448,706999,783741,812276,738696,639232,488954,378818,328204,313936,260899,174916,143344,4880268,5072182
Michigan,2001,669261,724404,761910,725098,668096,618999,708645,764623,813422,752117,672596,499424,386266,327181,310704,262024,180034,146316,4901831,5089289
Michigan,2002,664232,707356,770306,727968,683028,600098,702771,743805,804779,768119,673707,536568,402810,327286,305171,262910,185427,149369,4915539,5100171
Michigan,2003,658703,695524,770745,734052,693237,593546,690708,723342,794227,782215,684360,554493,427426,333007,298462,264436,188528,154141,4930631,5110521
Michigan,2004,654491,685321,766696,740672,693534,593967,670625,703379,786809,789495,698972,580661,443650,341588,292404,262656,192988,157407,4937386,5117929
Michigan,2005,646552,675142,749448,752673,690088,598306,645072,694506,770306,792317,714401,610982,456078,345971,290143,260770,196352,162030,4936817,5114320
Michigan,2006,635460,669858,730633,760901,682237,608963,610093,691345,748354,791945,727584,643295,465970,353433,289713,259216,198062,169019,4929460,5106621
Michigan,2007,626121,662058,711659,765941,671666,610734,587179,679124,724024,781618,743065,644997,501860,369734,290500,255296,200195,175513,4910249,5091035
Michigan,2008,614869,651306,696597,761676,664790,605221,575323,658307,698366,767728,755909,656317,519459,393217,295187,249678,202290,180649,4880990,5065899
Michigan,2009,601793,644056,684016,752479,663046,595444,572691,633281,674817,757780,762128,670915,545522,408248,302778,244587,201284,186726,4857253,5044338
Michigan,2010,594601,636565,673552,734490,670158,590216,577675,607200,663716,740290,765714,685711,573255,420508,307166,243460,200510,192787,4845963,5031611
Minnesota,2000,329985,354934,377027,376164,324995,317962,353839,411295,412926,366725,304710,228635,179113,152801,142599,123017,90869,86096,2443070,2490622
Minnesota,2001,332716,350768,378149,382102,333970,311688,354983,399125,421018,375881,324201,234413,184911,153409,142028,123114,92492,87828,2468647,2514149
Minnesota,2002,333452,345961,378458,381188,346239,311784,351308,385410,422678,384283,329404,254100,191828,154712,140951,123702,94139,89338,2487730,2531205
Minnesota,2003,335600,342230,376274,381242,357007,315243,344993,370875,422126,393150,338690,264545,203027,158100,139510,123875,95543,91542,2506573,2546999
Minnesota,2004,340533,339509,372735,381756,361326,323044,335524,360752,418886,400062,350067,278483,210817,162247,138603,123618,96700,93051,2523676,2564037
Minnesota,2005,343693,338562,365866,381756,366065,330816,327505,355628,409832,407265,360427,294907,217505,166062,138121,123193,97772,94623,2540052,2579546
Minnesota,2006,346670,340828,361903,381318,369341,340216,321252,355218,396166,414542,369304,313828,222563,171812,139227,123280,98402,97685,2562604,2600951
Minnesota,2007,353038,342932,357447,380508,363691,355723,322581,350946,382138,416502,378262,319248,241875,178585,141058,122984,99369,100316,2584652,2622551
Minnesota,2008,355445,347065,354831,377663,361413,366333,327529,344323,367507,416150,387779,329500,252655,189295,144270,122350,99762,103148,2604346,2642672
Minnesota,2009,355131,352949,352721,372972,358532,370653,336819,334544,357656,412841,395639,341449,266808,197079,148904,121778,99893,104835,2621245,2659958
Minnesota,2010,355153,355714,352337,366189,356676,373809,345417,326013,352754,404625,402529,351604,282415,203794,152532,121862,99890,107271,2635949,2674635
Mississippi,2000,203757,215355,219609,233528,214598,190989,189113,211577,213731,193206,171740,133015,114117,98055,87507,68758,46679,43019,1375800,1472553
Mississippi,2001,204447,210910,219870,228583,220851,184678,189784,205832,214594,197610,179862,135972,115439,98900,87686,68911,47143,41922,1379508,1473486
Mississippi,2002,204491,206467,220758,224321,224367,181198,190967,199566,213738,202795,179612,146763,118238,99905,86597,69974,47842,41082,1383269,1475412
Mississippi,2003,204601,202849,222566,221348,226504,180030,191108,193893,212803,207332,181915,153189,122247,102039,86293,70460,48604,40531,1388701,1479611
Mississippi,2004,206619,201879,221924,222108,226445,183472,189778,189697,212633,209966,186646,160542,125981,105233,85551,70627,49357,40552,1398895,1490115
Mississippi,2005,207333,201392,218772,223618,223094,188402,187054,188217,210354,211801,191805,169045,128857,107527,86701,71075,49416,41480,1407981,1497962
Mississippi,2006,204668,201432,215913,224205,216848,192860,180945,188571,204690,212432,195721,177137,131359,109081,87141,71007,49247,41721,1408665,1496313
Mississippi,2007,209518,203227,212808,226889,213013,198122,179815,191104,199041,211915,201131,176923,141888,111822,88176,70085,50482,42391,1421279,1507071
Mississippi,2008,213071,203444,209833,228812,210409,201370,180595,191634,193903,211278,205665,179273,148203,115489,90202,70134,51441,43050,1430851,1516955
Mississippi,2009,212487,205208,208412,227090,210100,201287,184282,189394,189193,210215,207490,183055,154593,118686,92874,69293,51436,43679,1436774,1522000
Mississippi,2010,210983,205505,207948,223277,211755,199600,189609,186194,187324,207630,209156,187420,162263,121090,94260,69720,51667,44635,1442847,1527189
Missouri,2000,369536,396988,413823,414907,372298,359680,376688,441960,445644,398212,350692,281080,229546,204813,187650,157550,107136,99082,2727498,2879787
Missouri,2001,370230,390824,415732,416279,386132,348606,379305,427233,451633,407954,368696,285526,234808,205268,186434,158060,109278,99144,2745666,2895476
Missouri,2002,371764,384330,418246,415332,398394,346391,379635,411957,452140,418801,369133,305877,243363,205540,184706,157860,112292,99064,2764349,2910476
Missouri,2003,372344,380541,419276,416543,407937,347369,377648,395831,451616,429616,375501,316630,255181,207843,183008,158455,114262,99802,2782847,2926556
Missouri,2004,375216,378177,417069,419842,414298,354963,371944,384131,449512,436211,385109,329754,263967,211691,182226,157195,116229,100207,2805056,2942685
Missouri,2005,378246,378291,410991,424377,416011,365127,364308,380050,441743,444127,396127,345748,271218,214914,182726,156347,117841,102108,2827430,2962870
Missouri,2006,381248,381157,406907,427560,415143,380893,355143,383032,428058,451118,406935,364625,276273,220958,184129,156244,118596,104685,2855141,2987563
Missouri,2007,385800,384465,401599,430348,412559,392202,353627,383194,413286,452768,418886,365881,296652,229809,185216,155274,118758,107288,2880119,3007493
Missouri,2008,389090,385829,398368,431330,411050,399665,355243,380859,397070,452653,430134,372594,307696,241970,187243,154439,119348,109335,2899079,3024837
Missouri,2009,389709,388223,397060,428986,411049,403958,363923,374772,385000,451150,437395,382036,320851,251075,191128,154277,118882,111614,2919067,3042021
Missouri,2010,389794,390446,396692,421619,414560,404504,375050,365500,380265,443047,444798,392270,336611,258573,194296,155006,118748,114452,2937497,3058734
Montana,2000,54817,61650,69500,71591,58669,50620,52171,66279,75508,73805,62267,47484,38124,32501,29991,24776,18545,15475,450348,453425
Montana,2001,54440,60050,68599,73341,60031,48637,52678,62595,74989,74840,66101,48706,39429,32978,30173,24850,18658,15866,452278,454683
Montana,2002,54600,58536,68041,72341,63165,47903,52926,59485,73908,75667,67469,52911,40919,33652,30239,24749,18934,16222,454955,456712
Montana,2003,55418,57643,66887,72218,66341,48398,53334,56589,72246,76128,70230,55324,43579,34590,30049,25033,19023,16600,459514,460116
Montana,2004,56173,57603,65968,71542,68169,50145,53681,54844,71005,76123,72619,59120,45741,35806,29836,25308,19201,17125,465009,465000
Montana,2005,57060,57502,64442,71130,70173,51631,53837,54507,68220,76589,74731,63213,47636,36942,29838,25793,19202,17656,470322,469780
Montana,2006,58073,58149,63317,70498,71250,54531,53016,55529,65472,76617,76404,67718,49336,38645,30438,26005,19490,18204,477351,475341
Montana,2007,59360,58937,62509,70106,69187,58662,53708,56253,62748,76039,77701,69803,53678,40302,31266,26061,19566,18820,483767,480939
Montana,2008,60678,60005,61949,69350,68926,61420,55003,56457,60335,74662,78510,72446,56343,43235,32212,25878,19820,19186,489938,486477
Montana,2009,61658,60431,61539,68117,67577,62936,57533,55921,58009,73218,78550,74613,59953,45248,33352,25606,20056,19665,493860,490122
Montana,2010,62376,60836,61149,66436,67383,64429,59305,55247,57249,70650,78914,76283,63460,46811,34333,25568,20326,20143,497502,493396
Nebraska,2000,116989,122881,129380,135348,120920,111269,111336,129477,134051,123423,104010,78053,64253,59171,56212,48072,34809,34166,844840,868980
Nebraska,2001,117740,120900,128883,137463,122268,108473,111972,124156,134367,125961,110437,79846,65089,58545,55828,48131,35394,34383,848628,871208
Nebraska,2002,119194,119449,128853,136692,125788,106944,112864,119511,134101,127799,112291,85926,66681,58349,55307,47988,36083,34472,853489,874803
Nebraska,2003,121739,118240,128365,135381,129696,107194,113526,114623,133352,129771,115435,89938,69385,58715,54259,48126,36139,34759,859281,879362
Nebraska,2004,124278,118118,127717,133763,132785,107354,113300,112030,131734,130531,118565,94862,72203,59238,53243,48016,36783,34850,865386,883984
Nebraska,2005,126251,118041,125798,133391,135345,107820,113502,111069,127900,132368,121439,100999,74148,59606,53130,47938,37168,35584,872029,889468
Nebraska,2006,127553,119374,124213,132554,135370,111323,112007,111855,122948,133170,123666,107599,75825,60595,52890,47871,37562,36318,878006,894687
Nebraska,2007,129117,120767,122973,132019,132382,116991,111309,111698,118375,133204,125502,109369,82012,62263,52948,47612,37537,37362,883334,900106
Nebraska,2008,130124,123980,122239,131223,130843,121349,112497,111717,113521,132311,127405,112383,86038,64608,53468,47080,37832,37760,890564,905814
Nebraska,2009,130875,126785,122516,130196,129496,126154,114397,110758,111063,131106,128590,115543,91072,67236,54071,46311,37852,38662,899064,913619
Nebraska,2010,131926,129183,122875,128526,129802,129616,117110,109809,110615,128192,130532,118371,96354,69257,54550,46344,37808,39559,908513,921916
Nevada,2000,146978,149749,140958,128571,132078,149071,159113,166780,157774,142103,131206,106553,86209,72065,61054,45442,25782,17255,1028426,990315
Nevada,2001,151686,152577,148220,131577,140880,149786,164990,169532,164572,148483,140321,112402,91580,75223,62932,47577,27667,18394,1067549,1030850
Nevada,2002,156288,154924,155641,135859,145611,152376,169691,170962,170224,156194,142165,124274,97944,78747,64621,49138,29789,19343,1104027,1069764
Nevada,2003,161385,156295,161977,141918,149923,157961,171557,173077,174934,162880,146427,131922,105831,83121,66577,51030,31459,20576,1140715,1108135
Nevada,2004,168697,160036,168641,149806,155891,167694,175220,176602,182394,169214,153771,141114,113420,87892,68519,52276,33365,21670,1189636,1156586
Nevada,2005,175707,163452,172504,158462,161888,178724,176340,181740,187245,175661,160375,149371,118931,90876,69765,53377,34687,23038,1233297,1198846
Nevada,2006,183607,167763,177274,167002,168371,189789,178203,189758,190146,182663,166621,157941,123105,94764,71394,54179,35661,24417,1278665,1243993
Nevada,2007,189933,172980,180806,174629,173295,197495,181471,195115,191156,187662,173717,158363,133694,99644,73835,54725,36387,26165,1317020,1284052
Nevada,2008,192547,177236,181778,179570,176177,200873,185619,196351,192004,190555,178525,159618,139759,106139,76565,55449,37236,27629,1343029,1310601
Nevada,2009,190470,181223,182792,182261,175952,199845,188632,195257,190802,193570,180829,162391,145418,111561,80101,56416,38116,29029,1357047,1327618
Nevada,2010,187285,183350,183342,181923,178041,196738,191529,190752,191443,193239,183229,165425,152411,116264,82807,57653,38827,30384,1365911,1338731
New Hampshire,2000,75750,88330,93825,87097,69193,70774,88821,109381,111991,98907,86900,63210,47322,41145,37214,30706,20989,18327,609771,630111
New Hampshire,2001,75798,86839,95415,89759,71783,68285,88671,106753,114827,101818,91955,65586,48752,41384,37013,30622,21570,18687,618105,637412
New Hampshire,2002,75543,85608,96202,91581,74951,66599,87746,103995,115360,105151,91852,72578,51296,41581,36826,30930,22238,19052,625409,643680
New Hampshire,2003,75130,83913,96033,93120,77684,66173,86104,100632,115421,107814,93447,76672,55356,42313,36503,31107,22863,19555,631327,648513
New Hampshire,2004,74912,82435,94723,94783,79850,66250,82956,97592,114665,110747,95540,81205,58594,43769,36762,31662,23235,20441,636276,653845
New Hampshire,2005,75290,80500,93144,96322,82251,66812,79816,95154,113251,112831,98508,85604,61310,44386,36706,31660,23750,21197,640560,657932
New Hampshire,2006,75110,79726,91154,97292,83287,68526,76085,94211,110024,115461,101584,90462,63594,46091,37559,31842,24039,22342,645616,662773
New Hampshire,2007,74018,78644,89421,97508,83253,70349,73224,92159,106779,115601,104807,90357,70341,48734,37772,31947,24456,23170,647553,664987
New Hampshire,2008,72953,77980,87644,96792,83475,71946,71745,89380,102737,115521,107792,92063,74520,52450,38434,31890,24806,23778,649330,666576
New Hampshire,2009,71229,77528,86204,95165,84108,72243,71342,85510,99321,114674,110718,94137,78654,55266,39136,31673,25025,24169,649227,666875
New Hampshire,2010,69668,77736,84573,93185,84766,73380,71902,81512,96825,112878,112435,96685,82589,57442,39714,31654,24931,24884,649636,667123
New Jersey,2000,563792,601770,593328,526522,482953,542142,644279,725877,709273,614689,553333,426133,332160,292481,281108,240567,163504,136710,4090509,4340112
New Jersey,2001,561791,596437,608241,536779,489964,527519,637357,717149,721322,630489,573590,438790,338389,289620,278139,239074,169064,138957,4122739,4369932
New Jersey,2002,562778,589990,619466,546520,496074,524707,626959,703757,726523,650456,566513,472550,350476,288661,273720,238930,173081,141482,4153842,4398801
New Jersey,2003,566466,582075,624294,557471,503682,525255,612795,686883,728368,667941,571058,485454,371110,291692,268125,238302,175352,145079,4179438,4421964
New Jersey,2004,569178,574101,622552,571069,507651,527910,595797,667565,728970,682993,582215,502481,382779,295841,261919,235328,179372,146840,4197597,4436964
New Jersey,2005,563833,567678,614396,586192,510334,534300,573894,654761,722087,694889,594806,523117,391034,299404,256353,232728,180278,151890,4208429,4443545
New Jersey,2006,555882,561481,607070,595929,515222,536270,555430,644938,709951,703150,609455,541278,401047,303183,253167,230280,179547,158399,4213580,4448099
New Jersey,2007,551276,558388,599124,602132,518641,540877,547730,631757,693174,705176,628350,533290,432451,313523,251286,226689,180286,163735,4222737,4455148
New Jersey,2008,546507,560357,592753,603910,523909,548528,548197,617501,675290,705963,646177,539846,444247,332516,253763,222177,180582,168867,4241189,4469901
New Jersey,2009,541263,565485,588494,601962,532943,552276,551333,602816,657836,707455,663084,553975,463059,343315,257505,217930,179738,175133,4262096,4493506
New Jersey,2010,540428,565183,587180,595406,542855,553667,559382,585345,649749,702289,676270,568417,485141,353097,261721,215717,179112,180665,4285192,4516432
New Mexico,2000,130452,140258,147881,145935,121615,114557,118449,139909,141996,131568,115809,87579,71873,63384,54735,43994,27764,23446,895580,925624
New Mexico,2001,130070,135987,147770,146931,127139,112250,117051,134011,142839,133427,122342,90433,74041,64107,55517,44437,29114,24224,901303,930387
New Mexico,2002,131960,132909,147664,148291,133071,113618,117703,129231,143128,136696,124019,98798,76918,65072,56467,44763,30514,24487,913453,941856
New Mexico,2003,133694,129822,147369,149018,138117,116611,117589,124318,143314,138980,127353,104315,81150,66801,56995,45522,31569,25037,925271,952303
New Mexico,2004,135585,129024,146363,149741,142365,120629,117410,121945,142883,140944,130540,111190,84793,69037,57558,45563,32826,25412,939070,964738
New Mexico,2005,137770,129432,144457,150703,143178,126048,116328,121570,141131,143442,133750,118741,88705,71522,58729,46687,33644,26437,953754,978520
New Mexico,2006,139625,130787,142775,151293,142672,130857,116588,122313,137620,146405,137282,126591,92997,74570,60178,47788,34239,27557,968168,993969
New Mexico,2007,142494,133352,141142,151177,142475,134930,117810,123823,133261,146768,141154,129100,101811,77420,61142,48733,34569,28909,982148,1007922
New Mexico,2008,144238,136296,139938,151343,141128,136330,120107,123684,128457,147252,143585,132123,107807,81451,62684,49102,35220,29917,992084,1018578
New Mexico,2009,145824,139965,140310,150733,141048,139109,122951,123792,125765,146234,145585,134673,114596,85190,64604,49767,35516,31140,1005564,1031238
New Mexico,2010,145049,143881,142095,149560,143013,139913,128250,123067,125460,144817,147976,137771,121508,88528,66216,50204,36302,32322,1020992,1044940
New York,2000,1237078,1344149,1337562,1288087,1251399,1298254,1452273,1561224,1511463,1347282,1223534,937243,758770,656417,618172,515490,349578,313805,9159719,9842061
New York,2001,1222011,1314915,1359680,1297172,1281069,1266709,1439209,1539037,1530608,1366906,1271156,961533,770006,654364,612774,517025,360940,317724,9204125,9878713
New York,2002,1212221,1280742,1373601,1311291,1291779,1265507,1413944,1507528,1532264,1394318,1261054,1031712,789441,655960,604745,519295,370501,321897,9234873,9902927
New York,2003,1204454,1245951,1374781,1324282,1307078,1278915,1377591,1471595,1531183,1419538,1270747,1063571,825258,663799,592823,519376,376737,328260,9258129,9917810
New York,2004,1197698,1212272,1358837,1341862,1311375,1294342,1330171,1429534,1529508,1440172,1283911,1107453,846208,672612,581611,515154,386701,332146,9258040,9913527
New York,2005,1180745,1180763,1326966,1364644,1317098,1309477,1274472,1403066,1505481,1458302,1299978,1156512,860978,677270,573661,510680,389818,342699,9245143,9887467
New York,2006,1160997,1164565,1297452,1378904,1324873,1326593,1234210,1381743,1475057,1470367,1318003,1199399,880240,680803,566146,502443,390279,352557,9233230,9871401
New York,2007,1157021,1154883,1265844,1387788,1344141,1335918,1229096,1353206,1439224,1468966,1344831,1187485,946384,700038,566103,495440,392901,363066,9250825,9881510
New York,2008,1159239,1154965,1240752,1390597,1363442,1357609,1240874,1321322,1404934,1467841,1373374,1201432,976786,734378,572754,485305,394016,372816,9293595,9918841
New York,2009,1157343,1161715,1222418,1380777,1388775,1373104,1262714,1284954,1369265,1469881,1399663,1219492,1024755,757209,582195,477347,392114,383345,9340446,9966620
New York,2010,1153787,1164475,1210369,1359646,1414260,1381044,1285237,1246795,1354726,1453522,1422584,1242928,1075809,777297,589756,474269,392507,393272,9385652,10006631
North Carolina,2000,539866,560391,554863,541400,585665,599470,613180,654661,634719,574795,521184,403424,325509,283137,251454,202437,129495,105964,3962580,4119034
North Carolina,2001,555270,556011,572993,555073,589152,580233,627407,648912,647741,591262,547140,418652,334000,288737,251834,203584,134448,107673,4022805,4187317
North Carolina,2002,566920,552145,586567,567905,592160,567593,634518,640648,654270,608033,549175,456119,348965,293798,251881,205887,139921,109696,4076022,4250179
North Carolina,2003,575778,551787,596593,576682,582474,560787,632988,631914,661061,623969,558459,480425,370569,300496,252836,209214,143483,112986,4108600,4313901
North Carolina,2004,583442,555015,600811,591449,595941,564173,629605,627250,668873,634152,571873,505021,389005,309092,253034,210468,148133,115815,4177082,4376070
North Carolina,2005,593381,565112,601958,610691,603621,567184,619881,634908,672106,649891,588036,533349,406669,316866,258290,212023,151690,119751,4248218,4457189
North Carolina,2006,601366,586053,603991,628623,623270,581602,610716,654765,671568,665654,606748,561222,424867,331120,267906,216260,155053,126486,4354118,4563152
North Carolina,2007,616945,606930,610065,646225,622736,594944,606706,670861,671961,679119,628980,568145,465131,347674,273513,217502,158313,132287,4440724,4677313
North Carolina,2008,629800,620441,616255,657428,638820,610065,613810,677233,669799,688876,647629,576896,491700,370536,281302,219734,162104,137021,4538073,4771376
North Carolina,2009,634021,630342,624717,663387,650656,620481,616711,671211,665269,698140,659801,590908,517272,389820,289685,219983,164067,143095,4603065,4846501
North Carolina,2010,632823,637210,631746,657180,664756,629492,624704,656735,667761,697203,672453,604886,544219,406002,296438,223753,165624,148573,4658969,4902589
North Dakota,2000,39265,42674,47496,53733,50678,38359,38035,46679,51021,47600,38265,29055,24578,23067,22714,19101,14871,14832,320468,321555
North Dakota,2001,38140,41482,46102,55360,51488,36604,37773,43956,50298,48781,40379,29817,24637,23021,22268,19169,14863,14924,319275,319787
North Dakota,2002,37688,40437,45415,54264,54122,35694,37499,41727,49459,49267,41598,32011,24996,23005,21933,19091,14910,15052,319151,319017
North Dakota,2003,37534,39866,44440,53051,57270,35166,37760,39372,48466,49558,43274,33427,25865,23013,21520,19254,14775,15206,319921,318896
North Dakota,2004,38353,39155,43684,52541,60444,35776,38231,38063,47304,49849,45090,35079,26827,23233,21061,19493,15000,15522,323697,321008
North Dakota,2005,38881,38755,42713,51351,61691,35991,38299,37321,45530,49879,46674,37218,27830,23057,20805,19509,15051,15534,324546,321543
North Dakota,2006,39843,38214,41869,50296,63101,37963,37575,37177,43399,49518,48076,39287,28722,23195,20929,19139,15226,15893,326839,322583
North Dakota,2007,41023,38304,40978,49571,60345,42104,37712,37167,41478,48906,48781,40811,30914,23589,20861,19018,15193,16067,328756,324066
North Dakota,2008,42227,38530,40508,48731,59773,44815,37844,37068,39601,48213,49362,42662,32450,24409,20930,18822,15415,16209,331438,326131
North Dakota,2009,43590,39284,39961,48054,58792,47584,39644,36994,38455,47365,49898,44607,34168,25286,20988,18421,15515,16362,335294,329674
North Dakota,2010,44676,40225,39921,47390,59284,49890,41224,36794,38170,46202,50410,46236,36214,26204,20960,18344,15557,16798,340878,333621
Ohio,2000,753404,811670,830437,819088,734584,728873,782328,879343,922677,838939,738477,556612,457704,401622,387175,326115,216776,177719,5518118,5845425
Ohio,2001,750509,798069,836987,814685,757562,700830,780402,853193,924959,853822,778373,563216,464866,399220,382053,326323,222294,180041,5533713,5853691
Ohio,2002,746187,782151,841617,812172,774084,690527,772568,826781,915016,871696,774433,609320,479575,399074,374193,326766,228744,182985,5548504,5859385
Ohio,2003,742000,771291,841279,815127,781889,695460,757696,803097,899862,888732,784547,633720,501032,406219,364851,327460,232486,188040,5566253,5868535
Ohio,2004,739780,763304,835264,821803,775499,709581,734942,784405,886950,898940,798392,668730,512369,414279,356252,323074,237509,191178,5577840,5874411
Ohio,2005,733931,757828,821312,829171,767177,725714,709501,775143,868006,902355,816267,708188,521498,416177,353484,319752,241290,196526,5586617,5876703
Ohio,2006,726541,756475,809421,835744,759867,739109,681356,776658,840713,905412,832404,747833,528515,424089,352851,316143,243614,204468,5598146,5883067
Ohio,2007,728009,755051,795103,840649,752873,745854,668575,771123,814653,896004,851768,745347,574346,439188,353443,311070,245152,212260,5609503,5890965
Ohio,2008,726833,752633,785304,840788,752870,741612,670378,757298,790142,881559,870340,757215,599290,459440,360321,303946,246770,218652,5618797,5896594
Ohio,2009,723368,751617,778668,833812,758614,728925,681723,736000,770297,868474,882565,772279,634831,470598,369083,297885,244639,225518,5626878,5902018
Ohio,2010,719136,746836,773218,818512,764648,719988,695618,712425,759815,850647,887893,790321,670924,481396,372858,296774,243584,231589,5632832,5903350
Oklahoma,2000,235972,243036,252853,270083,248181,227038,222361,258091,264936,242120,215138,174245,143741,128538,113679,94274,62673,57406,1697872,1756493
Oklahoma,2001,237028,238386,252253,269131,258034,220737,225157,247904,266637,246890,224488,176712,146482,129349,113241,94376,64097,56198,1707048,1760052
Oklahoma,2002,240542,234909,253759,265914,267356,219360,228261,238201,265966,252798,223414,189534,151281,129956,112699,94207,65488,55435,1720000,1769080
Oklahoma,2003,242206,234251,253716,262211,273593,218606,228494,228992,264608,256975,227321,196449,157490,131528,112617,94251,66226,55358,1727169,1777723
Oklahoma,2004,243053,234422,251632,260984,278008,223161,227492,223013,262477,258903,232445,203186,163364,133635,113121,93367,67835,55135,1740562,1784671
Oklahoma,2005,246095,236418,248298,261395,276800,228706,226186,222127,256296,261641,238920,211190,167756,135146,114256,93759,67861,55747,1752122,1796475
Oklahoma,2006,249721,241469,247289,262785,275212,239618,223686,227010,248316,265270,245396,221709,171562,138920,116032,94081,68736,57278,1775397,1818693
Oklahoma,2007,254043,246929,245909,264947,272430,250291,224067,230872,240393,265257,252376,220985,184489,143688,116537,93888,68826,58422,1797174,1837175
Oklahoma,2008,257816,250053,247181,266021,268392,257363,226970,232049,232854,265234,257970,225193,191645,149765,118030,93628,69202,59610,1814205,1854771
Oklahoma,2009,262627,254971,250861,266142,267959,263418,234800,232715,228443,265048,261428,230986,198523,155838,119952,93958,68735,61168,1839538,1878034
Oklahoma,2010,264361,259961,254004,263428,270352,266889,243098,231667,228394,260625,265368,237641,206849,160487,121791,95027,69370,62390,1862398,1899304
Oregon,2000,223147,233577,243176,245470,232059,232532,237151,254933,271531,272862,238121,174117,132050,112344,106670,95268,66871,57829,1701061,1728647
Oregon,2001,223999,230826,245956,246236,239003,229382,243274,248534,271593,274888,252835,180935,138043,113541,105960,94768,68936,59228,1720048,1747889
Oregon,2002,224849,229092,248112,247064,246588,230702,247580,243943,269597,277392,255384,199608,145538,116119,105174,94817,71365,60500,1742298,1771126
Oregon,2003,225577,227383,248885,247485,250274,232626,248435,240047,266641,276905,262008,211297,155670,120042,104649,94556,72474,62422,1758571,1788805
Oregon,2004,224518,226474,246098,248790,249676,234034,245397,238490,263910,273353,268636,223509,165124,124844,104546,93736,74169,64159,1769086,1800377
Oregon,2005,226117,227049,243214,252412,249979,239331,242488,244061,259676,272731,273304,238622,174136,129545,105782,93309,75311,66135,1789755,1823447
Oregon,2006,228634,230153,242105,255894,250395,247606,241351,251158,254628,273664,276739,254585,182251,136489,107453,92923,75798,69057,1817766,1853117
Oregon,2007,232935,231491,241373,258529,250519,256345,243190,255203,249968,271848,279780,257289,200645,144085,109541,92014,76055,71607,1843070,1879347
Oregon,2008,236053,234517,241418,259067,251488,261300,248520,256332,246407,269362,279624,263725,212891,154265,112897,91390,75513,73979,1865213,1903535
Oregon,2009,237520,236088,242019,257262,252916,265456,254873,254500,245786,266869,276990,270690,224891,163538,117203,91151,74512,76336,1885391,1923209
Oregon,2010,237435,237628,242786,253861,253903,265802,260918,249758,248504,262073,276946,275101,238488,171026,120922,91406,74010,78390,1900216,1938741
Pennsylvania,2000,725969,822683,866145,852407,751274,726167,825434,946077,997325,912495,803362,623299,513368,478683,487367,422459,291477,238182,5932174,6351999
Pennsylvania,2001,720201,803825,873510,859430,770093,697766,816343,919430,1001619,930848,844274,632857,519870,470412,477144,421265,298606,241477,5944575,6354395
Pennsylvania,2002,717700,784880,876455,868354,787897,690461,803493,895062,992734,951250,841488,685591,533937,465573,465410,419509,305550,245687,5967199,6363832
Pennsylvania,2003,718728,767844,875375,877791,804001,699951,785400,872370,979062,969269,855010,710208,561865,468197,449414,419710,308009,252454,5996764,6377894
Pennsylvania,2004,722326,754754,867742,890614,810936,716593,760151,850070,967730,981476,875890,742403,579898,473218,435144,412662,312628,256487,6019973,6390749
Pennsylvania,2005,722165,746114,852112,906077,816991,734921,733122,837152,951969,988575,898884,782098,592806,474717,425911,406398,315333,264645,6044937,6405053
Pennsylvania,2006,721475,746070,838105,917397,828158,752467,708505,834948,929004,994997,919683,824281,602770,481727,419774,399346,317038,275064,6081497,6429312
Pennsylvania,2007,726721,746215,822703,922241,836312,765355,699423,825545,906989,988062,941852,823109,654561,496107,416214,390900,317074,284554,6111850,6452087
Pennsylvania,2008,729631,749392,807692,922093,844073,775864,705068,807688,885181,975594,962233,838606,679758,523050,418486,377806,318603,291467,6138990,6473295
Pennsylvania,2009,730224,752787,797025,916709,860597,779944,718839,784152,863209,966503,977095,861199,711927,541509,424531,366783,314386,299439,6169834,6497024
Pennsylvania,2010,728165,753342,790173,900259,876209,783152,734174,758443,850154,951315,986029,883246,749851,556099,428376,361825,311525,307293,6194958,6514672
Rhode Island,2000,63916,71629,71691,75568,72428,64439,75503,84985,85142,75898,67123,50321,39195,35874,37567,34091,23893,21005,504494,545774
Rhode Island,2001,63460,70064,73424,76109,75229,62697,74335,83761,86119,78184,70182,52264,39870,35173,36545,33882,24555,21289,508168,548974
Rhode Island,2002,63372,68726,74373,77667,77308,62673,73546,81824,86773,80347,69872,57369,41318,35005,35019,33589,25318,21896,512905,553090
Rhode Island,2003,63289,67516,74532,78591,77550,64712,71354,80193,86453,82350,71128,59634,43992,35159,33712,33038,25593,22546,515752,555590
Rhode Island,2004,63118,65871,73730,80581,78101,66436,68807,78176,85796,83550,72481,62256,45973,35459,32543,32472,25955,23274,518204,556375
Rhode Island,2005,61665,64089,71505,81389,78879,66415,65268,76167,84244,83561,74271,64813,47377,35548,31599,31417,26110,23599,515084,552832
Rhode Island,2006,60286,62766,69179,82755,79150,67202,61673,73913,81882,84040,75956,67162,49016,36203,30693,30656,26008,24556,512962,550134
Rhode Island,2007,59745,61614,67375,82277,79734,66971,59928,72067,78857,83684,77519,66245,53481,37387,30490,29180,25730,25031,510456,546859
Rhode Island,2008,59081,60974,65974,82103,80076,66627,60561,68863,76560,82860,79247,67195,55180,39768,30647,28076,25528,25683,509591,545412
Rhode Island,2009,57731,60799,64521,81936,81277,65435,61216,65958,74265,82018,80658,68918,57794,41637,30881,26994,25261,26347,508882,544764
Rhode Island,2010,57361,60474,63792,79710,82381,65928,61541,63284,73059,80963,81204,70902,60369,42937,31110,26489,24519,26863,508643,544243
South Carolina,2000,264500,283789,292066,297302,284165,275154,283782,313802,311718,289774,265697,208217,167050,145859,124741,101973,64122,50512,1955596,2068627
South Carolina,2001,268388,277807,298166,296211,293673,266421,284915,309101,315350,295222,278124,215003,172679,148978,124623,102426,66497,51411,1975032,2089963
South Carolina,2002,272167,273081,302007,297916,298332,265169,286700,302256,315953,302211,277467,233550,180509,151366,125440,102356,69104,52211,1996726,2111069
South Carolina,2003,274275,270513,304439,300721,300212,266535,285760,296858,316197,307785,281250,245203,191765,154656,126518,103270,71034,53306,2016330,2133967
South Carolina,2004,277529,270258,302629,307970,305918,272755,283538,291570,320333,312017,287452,257518,201901,159246,128394,103081,73654,55158,2048616,2162305
South Carolina,2005,279623,273450,298023,315965,306537,280169,278267,291357,319740,316618,294244,271500,211500,164578,132561,103812,74893,57313,2077805,2192345
South Carolina,2006,283666,279705,295459,323385,308596,291713,273229,296162,318451,322637,302012,286075,221587,174260,138107,105668,76579,60556,2120192,2237655
South Carolina,2007,291718,285880,293680,329135,314912,296489,274024,301338,315060,326083,311258,288801,242138,184227,141409,107322,76945,63691,2163318,2280792
South Carolina,2008,299731,290385,293622,333269,319659,302815,277774,304406,311670,329178,318795,293738,256976,197044,145779,109312,78248,66595,2203949,2325047
South Carolina,2009,302351,294559,295405,333129,326539,304740,282140,301847,306381,333638,323319,299390,269502,208367,150357,110805,78469,68934,2232842,2357030
South Carolina,2010,302621,296145,297313,327552,334045,305512,290086,295109,304625,331926,327832,305282,283742,216911,154248,113193,78929,71241,2255787,2380525
South Dakota,2000,51041,54225,59650,62688,53086,44720,45942,56335,58895,54167,44223,33817,28859,26993,25942,22548,16520,16193,375163,380681
South Dakota,2001,50900,53603,58678,63411,53919,43620,45913,54056,58865,55681,47215,34877,29109,26748,25792,22456,16866,16263,376435,381537
South Dakota,2002,50862,52654,58102,62457,55832,43722,45762,51395,58673,56584,48703,37435,29828,26469,25520,22448,17098,16476,377692,382328
South Dakota,2003,51509,51935,57401,61819,57788,44229,45258,48760,58361,57420,50514,39277,31227,26552,25127,22478,17237,16837,380096,383633
South Dakota,2004,52485,51800,56536,61308,59448,45508,44962,47051,57729,57842,52525,41702,32746,26952,24750,22330,17597,17125,383719,386677
South Dakota,2005,53387,52076,55274,60530,59874,46870,44934,46123,56126,58452,54224,44605,33814,27276,24488,22359,17629,17452,386472,389021
South Dakota,2006,54768,52108,55042,59679,60163,48360,44553,46224,54147,58850,55979,47605,34962,27917,24503,22507,17810,17856,390613,392420
South Dakota,2007,56508,52823,54311,59384,58265,51241,45683,46267,51703,59052,57247,49557,37533,28801,24638,22431,17945,18234,394973,396650
South Dakota,2008,57745,53643,53906,58793,57993,52928,46577,46126,49405,58902,58380,51239,39612,30156,24886,22147,18175,18511,398888,400236
South Dakota,2009,58715,54617,53671,58222,57770,54865,48333,45809,47958,58448,58704,53037,41575,31300,25346,21769,17997,18931,403869,403198
South Dakota,2010,59720,55716,54085,57503,57911,55960,50328,45437,47312,57306,59554,54577,43984,32171,25826,21696,18021,19356,408600,407863
Tennessee,2000,374667,394011,397123,396794,389664,400884,411888,451901,450631,415522,378483,296125,240646,204592,178461,145416,94954,81957,2777586,2926133
Tennessee,2001,378216,389791,404214,393483,405142,386285,414420,445176,453947,423770,395479,302852,245673,208855,178051,145915,97172,82348,2802368,2948421
Tennessee,2002,381193,385722,410675,393266,411743,379507,416294,435862,453376,433072,394085,327249,256337,210773,178936,145742,100066,82020,2824045,2971873
Tennessee,2003,385343,384932,415531,396474,412414,379810,414864,426478,454212,441416,398100,341913,269420,216352,178913,147023,102298,82319,2846829,3000983
Tennessee,2004,388506,386113,415299,404445,414552,389250,410768,418748,457198,445773,405284,357911,280277,222368,179985,146276,104588,83468,2882878,3027931
Tennessee,2005,392265,390176,414943,414673,414921,399872,403848,418986,457085,451758,415143,375596,289935,229285,182678,147467,106671,85755,2922618,3068439
Tennessee,2006,395602,398826,415802,424339,408506,414933,394269,427043,454716,458967,426578,395461,299364,237951,188981,149766,108412,89250,2967311,3121455
Tennessee,2007,401096,404615,414667,432306,414325,423556,391488,433818,448230,461409,437733,395723,324019,248826,191581,150965,109192,92178,3013447,3162280
Tennessee,2008,406969,410143,415822,437444,413168,422783,393482,434884,440567,465046,449052,400756,340299,262563,197317,152105,110739,94272,3044296,3203115
Tennessee,2009,407229,411618,417701,438223,421468,421192,400669,430865,432005,468307,454222,408172,357004,273338,202744,153016,110844,97402,3074250,3231769
Tennessee,2010,407733,412389,418824,435071,427899,419113,409511,420973,430400,465487,460645,417602,374586,282245,207537,154327,111985,100570,3099292,3257605
Texas,2000,1628590,1650665,1644416,1644928,1551447,1587889,1574951,1689146,1643072,1427642,1210389,904193,706128,611283,533653,426356,270589,239162,10399343,10545156
Texas,2001,1669530,1645825,1671910,1663627,1612414,1575256,1611160,1666534,1676872,1474710,1279357,937485,728277,619156,536873,431577,280646,238413,10588432,10731190
Texas,2002,1711032,1639044,1701750,1679252,1669665,1576140,1643508,1639570,1693467,1529514,1294259,1020576,759080,627669,539747,435031,292483,238538,10775672,10914653
Texas,2003,1753005,1636310,1726691,1693677,1710247,1577842,1657013,1613767,1707795,1572899,1334425,1077512,799788,642963,543315,439310,301753,242619,10934978,11095953
Texas,2004,1795044,1637863,1745932,1714959,1735056,1602338,1660785,1604475,1721497,1609730,1380116,1135400,841643,660214,547091,442498,313306,246076,11115621,11278402
Texas,2005,1827344,1657778,1751626,1741642,1746909,1642397,1655297,1622448,1714172,1647970,1429800,1200705,882221,675087,555297,450690,320860,255880,11307684,11470439
Texas,2006,1863053,1718006,1782260,1783634,1763694,1704518,1657359,1672898,1707389,1693586,1486845,1276178,920509,704964,568948,459482,329789,266468,11588337,11771243
Texas,2007,1892086,1769005,1799309,1816469,1766141,1758363,1667606,1718605,1691301,1716965,1547906,1295273,1004857,736496,577962,462602,334631,276406,11821411,12010572
Texas,2008,1917615,1823831,1821807,1846558,1777634,1810114,1685788,1748350,1677080,1739074,1597310,1336272,1063618,779327,593305,466994,338651,285711,12059103,12249936
Texas,2009,1929162,1888686,1851192,1874569,1797858,1841744,1724325,1763360,1678530,1760915,1640523,1384460,1123692,822427,609823,471366,342362,296767,12301611,12500150
Texas,2010,1933297,1938165,1889612,1882428,1828519,1859248,1773180,1761840,1700470,1761778,1685155,1434339,1189350,860441,623702,478506,348824,308260,12530309,12726805
Utah,2000,210022,192897,193767,217947,226801,178064,149379,150623,149721,132852,107392,80836,62975,53823,47968,39978,27493,21964,1124675,1119827
Utah,2001,214928,193565,195119,215676,236044,178040,155912,147404,151743,137241,114825,83608,65243,54742,48443,40430,28368,22384,1144533,1139182
Utah,2002,220066,195285,196203,212305,243382,182113,161586,145238,152292,141676,117629,90877,68223,55936,48974,40865,29213,22952,1165962,1158853
Utah,2003,225164,198055,197126,209079,244436,188091,166428,143338,152398,144503,121891,95540,72525,57837,49501,40974,29686,23565,1184270,1175867
Utah,2004,230418,203697,197157,207942,241484,195505,172279,143961,152061,146465,127177,100488,77090,60017,49815,41442,30454,24128,1204831,1196749
Utah,2005,235437,210046,199638,209386,240106,200599,179341,149148,150536,149178,132657,107878,80997,62511,51241,42404,31446,25170,1232978,1224741
Utah,2006,242865,218609,203418,211602,235871,213816,181942,156379,149087,152595,137785,116151,84521,65503,52813,43706,32209,26635,1267516,1257991
Utah,2007,251261,228079,209206,215162,231805,223511,190780,163342,148938,154099,143447,119293,91933,68312,53948,44177,32682,27771,1305074,1292672
Utah,2008,257272,237313,215007,218353,228889,228012,201357,168656,148825,155797,147291,124004,97062,72562,55750,44826,33131,28922,1337398,1325631
Utah,2009,261099,245633,222915,220043,227537,228802,211844,174498,150524,156041,149888,129339,101864,76719,57528,45049,33948,30150,1367912,1355509
Utah,2010,264384,250627,228818,220808,227932,230980,218398,178011,154711,154890,153103,134416,108375,80169,59181,45863,34499,31304,1394820,1381649
Vermont,2000,33946,40909,45549,45909,38034,33842,40367,49134,52573,50361,44121,32775,24404,21090,19559,15981,11004,10060,298769,310849
Vermont,2001,33529,39561,45634,47533,38628,32167,39963,47420,52855,50895,46678,33948,25307,21048,19492,16078,11294,10193,300444,311779
Vermont,2002,33139,38334,45396,48489,39673,31566,39599,45850,52394,51691,46952,37165,26477,21214,19420,16191,11574,10318,302483,312959
Vermont,2003,33081,37256,44837,48681,41446,31193,38690,43964,51767,52237,47855,38942,28496,21783,18985,16306,11737,10602,303652,314206
Vermont,2004,33044,36348,43881,48941,42773,30992,37544,42296,51100,52546,48752,41230,30214,22349,18792,16263,12106,10749,304840,315080
Vermont,2005,32956,35345,42709,49008,43825,31145,36244,41508,49958,52515,49899,43254,31663,22870,18752,16248,12369,10947,305793,315422
Vermont,2006,32473,35114,41341,48968,44401,31965,34737,41113,48182,52737,50540,45735,32699,23734,18870,16300,12573,11410,306602,316290
Vermont,2007,32575,34804,40082,48510,44083,33088,33694,40209,46318,52286,51385,46134,35627,24918,18966,16247,12814,11741,306943,316538
Vermont,2008,32344,34933,38963,47893,43583,34128,33614,39007,44510,51574,51933,47032,37395,26738,19504,16006,12831,12163,307429,316722
Vermont,2009,32012,34756,38226,46797,43790,35121,33751,37652,42626,50974,52373,47765,39659,28266,19874,15915,12698,12562,307689,317128
Vermont,2010,31913,34673,37674,45884,44029,35629,34360,35965,41862,49782,52497,48924,41530,29521,20210,15892,12754,12861,308367,317593
Virginia,2000,462256,493168,499023,485807,486670,494915,540473,609721,592573,530479,479167,361435,274934,229792,203306,166994,107368,87736,3486075,3619742
Virginia,2001,468775,485594,508220,498375,500413,481676,543999,600573,601193,544287,501088,373525,284505,232851,204205,168096,111972,89015,3532976,3665386
Virginia,2002,475503,480667,516406,508385,509537,475582,543024,588476,605887,560917,498918,408177,297740,236855,204357,168473,116763,91206,3573178,3713695
Virginia,2003,482685,475710,521025,514848,523301,476105,537978,573912,608621,573255,504652,426548,317432,242593,204731,169991,119671,93919,3609197,3757780
Virginia,2004,493461,475629,523857,525374,537407,485215,531092,562757,612961,586066,515928,449289,333028,250156,204256,169681,123023,96395,3661265,3814310
Virginia,2005,500836,475813,521178,535633,550708,497949,521121,558750,612205,596196,529160,469479,346047,258439,206029,171644,125851,100067,3713459,3863646
Virginia,2006,502792,482333,516048,545414,561301,514211,509756,561861,604814,606039,542719,489786,356344,266718,208653,172542,127371,105023,3765250,3908475
Virginia,2007,506339,488608,511703,550422,564400,528599,503981,560263,594062,610311,557935,486063,387923,278120,212092,172382,128016,109781,3803034,3947966
Virginia,2008,509214,495406,508988,553537,563806,544850,506336,556194,582073,614208,571798,491619,405093,296792,217536,172534,129704,113808,3844513,3988983
Virginia,2009,508436,505029,509940,553437,568171,557803,514551,547361,571923,619592,584533,502120,426120,310821,224637,172582,129844,119037,3888042,4037895
Virginia,2010,510225,512881,511917,549222,574702,566513,530354,537835,569552,620061,595268,516264,447510,322817,231119,173991,131003,123383,3938213,4086404
Washington,2000,394768,424463,437007,429985,393423,401043,437910,482547,492746,457157,395872,287563,212256,176025,160968,143112,99006,84661,2942778,2967734
Washington,2001,396952,416583,440971,433505,415972,392746,444520,471662,496678,467161,417686,300374,220956,177755,160478,142072,102897,86754,2983642,3002080
Washington,2002,397437,409819,445550,435089,432227,391446,446167,459556,495484,478091,419416,331671,232946,181610,159849,140946,106315,88730,3015607,3036742
Washington,2003,397561,404640,447204,437452,441204,395335,438279,448210,492915,484183,430715,349614,249693,188065,159387,140295,107914,91449,3038376,3065739
Washington,2004,401883,404440,446477,442830,442838,405034,430427,444113,492289,488555,443785,370437,266530,195526,159585,139356,110361,94179,3070830,3107815
Washington,2005,403623,404933,441148,448667,447578,419332,419389,449394,486078,492319,456026,393363,281884,203675,161459,139285,111484,97668,3111909,3145396
Washington,2006,409925,410681,437809,455515,451994,440940,414996,459201,476861,497631,467980,416958,296311,214379,164448,140189,112153,102782,3170058,3200695
Washington,2007,419419,414417,434301,461453,449083,454918,417319,464048,467046,498451,480601,420391,327207,225840,168285,139974,111930,106904,3213787,3247800
Washington,2008,428827,418373,433427,465642,456442,471107,427914,461482,458905,497559,487865,431835,345360,242320,174158,139859,111080,110076,3269069,3293162
Washington,2009,436805,425518,435879,465685,462593,480557,442741,455926,456518,497573,491796,444028,365191,259138,181228,140632,110948,114670,3323506,3343920
Washington,2010,439914,431051,439146,460842,463429,482105,456862,446653,460460,491861,497097,456194,386232,272556,188104,142425,111376,118189,3360190,3384306
West Virginia,2000,101339,110195,116184,125735,120617,112230,115098,128850,142357,141705,130175,99344,86132,75639,72491,58859,38116,31955,878752,928269
West Virginia,2001,100696,107583,115635,122425,123377,107224,115248,124864,140524,141578,137291,100969,87164,76053,71478,59083,38582,31707,877838,923643
West Virginia,2002,101514,105228,115806,120830,124791,105997,115922,122053,137452,142391,137028,109377,89497,76748,70310,59245,39663,31562,881573,923841
West Virginia,2003,102412,104120,115800,119365,125685,105879,116498,119668,134693,142998,138536,114504,92912,78710,68747,59923,40242,31603,886460,925835
West Virginia,2004,103576,103541,115103,119335,123968,106941,114915,117814,132707,142836,139283,121776,94702,80881,67267,59015,41085,31693,889411,927027
West Virginia,2005,103638,103395,113094,119757,121477,108894,113756,116806,130403,141975,140412,128550,97074,81299,67292,58878,41836,31956,892802,927690
West Virginia,2006,103572,103744,111958,120417,119150,111694,109983,118523,127919,140878,141065,135802,99102,82672,67806,58431,42351,32845,897307,930605
West Virginia,2007,104231,104377,109958,121325,117395,111690,109162,119170,125494,138331,142362,135790,107292,85109,68389,57299,42779,33899,901369,932683
West Virginia,2008,104966,105427,109047,121453,115487,111645,108886,119417,123320,135640,143211,137447,112450,88179,69894,55888,43628,34325,905399,934911
West Virginia,2009,104536,106199,108873,121260,116191,110428,110708,117816,121308,134200,143370,138285,119652,90014,71699,54726,43126,35384,910341,937434
West Virginia,2010,103808,105939,108966,119450,117542,108803,113107,116220,120101,132148,143329,140001,126440,92198,72058,54561,43184,36118,914233,939740
Wisconsin,2000,342343,378057,404990,408587,359318,331605,372507,433526,441231,400058,337938,254472,206020,181586,173017,146959,105684,96101,2654764,2719235
Wisconsin,2001,343418,371313,405683,415104,366528,321159,371041,421120,448007,409232,357871,261591,209863,180700,172735,146628,107607,97235,2673188,2733647
Wisconsin,2002,344897,365759,405387,416509,377978,318159,367381,409753,449471,417670,363810,282950,216927,181790,170366,147535,109692,99128,2693465,2751697
Wisconsin,2003,346753,360517,404209,415257,389113,320370,361224,397051,448010,426297,374088,294825,228351,184803,167886,147986,111138,101325,2712302,2766901
Wisconsin,2004,349102,358123,400900,415552,394437,325685,353980,385542,445558,433557,385152,311885,236262,189490,165130,147480,112876,103315,2731348,2782678
Wisconsin,2005,349484,357345,394312,415890,398373,330720,347477,379329,437608,440433,396444,331101,243626,192439,163599,147951,114483,105552,2749105,2797061
Wisconsin,2006,350890,359682,388191,414706,399903,340183,337939,376007,425318,446692,405963,350824,250399,196194,163347,148427,114663,108327,2765379,2812276
Wisconsin,2007,355343,361374,383257,412836,394654,352979,335350,370002,413367,448284,414618,356728,271115,203054,164340,146580,115786,111108,2782993,2827782
Wisconsin,2008,357921,364638,378544,410087,390094,363474,338218,361620,399370,447417,423776,366886,283089,213709,167097,144492,116703,113861,2798728,2842268
Wisconsin,2009,358370,368030,376577,404881,388316,369013,344706,352114,386971,444284,430967,377794,299305,221279,171459,142128,116685,116385,2813161,2856103
Wisconsin,2010,357892,368620,375702,397204,387530,373301,351732,342821,379913,435630,436814,388020,316485,228239,174156,140872,116982,119134,2824977,2866070
Wyoming,2000,30890,33938,38454,42004,33627,29767,29727,36303,42348,40899,33658,25068,19733,16594,14760,11862,7882,6786,248716,245584
Wyoming,2001,30891,32786,37573,41632,35140,28731,29888,34198,41666,41669,35957,25692,20329,16812,14827,11906,8068,6892,249330,245327
Wyoming,2002,31572,32457,36994,40947,37471,28894,30614,32453,40716,42723,36629,28060,21348,17033,14997,11907,8283,6919,252232,247785
Wyoming,2003,32033,32163,36411,40157,39157,28976,30647,31133,39372,42918,37974,29718,22599,17549,14944,12048,8596,7058,254325,249128
Wyoming,2004,32665,31954,36332,39553,40438,30233,30802,30375,38218,42815,39499,31434,23612,18151,14722,12258,8857,7188,257600,251506
Wyoming,2005,33438,32303,35448,38916,40610,31794,30850,30506,36622,42617,40741,33576,24549,18618,14814,12358,8932,7465,260431,253726
Wyoming,2006,34747,32939,34764,38760,40907,34117,30737,31309,35236,42386,42001,36156,25298,19182,15109,12379,8919,7721,265306,257361
Wyoming,2007,36862,34079,34776,38640,40998,36938,31512,32604,33947,41757,43339,36968,27692,20119,15248,12499,9013,7885,272100,262776
Wyoming,2008,38177,35372,35210,38839,40892,38737,32703,33394,33396,41106,43873,38317,29349,21158,15808,12458,9103,8151,278061,267982
Wyoming,2009,39978,36643,35772,39062,40941,41218,34996,33966,33129,40496,44045,40088,30910,22239,16318,12303,9340,8407,285805,274046
Wyoming,2010,40190,37305,36034,38047,40527,41505,36722,33557,33018,39249,44139,41125,32817,23080,16646,12436,9410,8653,287946,276514